-- MySQL dump 10.13  Distrib 5.7.28, for macos10.14 (x86_64)
--
-- Host: localhost    Database: iuflow_db
-- ------------------------------------------------------
-- Server version	5.7.28

/*!40101 SET @OLD_CHARACTER_SET_CLIENT=@@CHARACTER_SET_CLIENT */;
/*!40101 SET @OLD_CHARACTER_SET_RESULTS=@@CHARACTER_SET_RESULTS */;
/*!40101 SET @OLD_COLLATION_CONNECTION=@@COLLATION_CONNECTION */;
/*!40101 SET NAMES utf8 */;
/*!40103 SET @OLD_TIME_ZONE=@@TIME_ZONE */;
/*!40103 SET TIME_ZONE='+00:00' */;
/*!40014 SET @OLD_UNIQUE_CHECKS=@@UNIQUE_CHECKS, UNIQUE_CHECKS=0 */;
/*!40014 SET @OLD_FOREIGN_KEY_CHECKS=@@FOREIGN_KEY_CHECKS, FOREIGN_KEY_CHECKS=0 */;
/*!40101 SET @OLD_SQL_MODE=@@SQL_MODE, SQL_MODE='NO_AUTO_VALUE_ON_ZERO' */;
/*!40111 SET @OLD_SQL_NOTES=@@SQL_NOTES, SQL_NOTES=0 */;

--
-- Table structure for table `app_message`
--

DROP TABLE IF EXISTS `app_message`;
/*!40101 SET @saved_cs_client     = @@character_set_client */;
/*!40101 SET character_set_client = utf8 */;
CREATE TABLE `app_message` (
  `id` varchar(40) NOT NULL,
  `created_at` datetime NOT NULL,
  `html_msg` longtext NOT NULL,
  `msg` varchar(100) NOT NULL,
  `name` varchar(40) NOT NULL,
  PRIMARY KEY (`id`)
) ENGINE=InnoDB DEFAULT CHARSET=latin1;
/*!40101 SET character_set_client = @saved_cs_client */;

--
-- Dumping data for table `app_message`
--

LOCK TABLES `app_message` WRITE;
/*!40000 ALTER TABLE `app_message` DISABLE KEYS */;
INSERT INTO `app_message` VALUES ('091BA6DD-4BE9-4D86-8B7D-1234E062A5AC','2021-04-06 19:38:17','<div style=\"font-weight:bold;color: black;font-size:1.30em;\">Please connect the iUFlow device to your smartphone or tablet.</div>  <br>  <div style=\"text-align:center;color:#666666;font-size:1.20em;\">OR</div>  <br>  <div style=\"color:#666666;font-size:1.20em;\">You don\'t have an iUFlow Device?</div>  <div style=\"color:#666666;font-size:1.20em;\">iUFlow - Wireless Home Bladder Monitoring is available for purchase</div>  <br>  <div style=\"float: bottom;text-align:center;z-index: 112;\">    <a ng-click=\"goPurchase()\">      <img src=\"images/more_info-button.png\" style=\"width: 50%; max-width: 200px;z-index: 92;\" />    </a>  </div>  <br></br>','hey message','app-message-with-device'),('FEAAC1CC-F7A0-41F1-8AF9-D82C947613B8','2021-04-06 19:48:53','<div><p style=\"text-align: center;font-size:30px;color:green;font-weight:bold;\">Buy now and save $$ </p></div><br>  <div style=\"float: bottom;text-align:center;z-index: 112;\">    <a ng-click=\"goPurchase()\">      <img src=\"images/more_info-button.png\" style=\"width: 50%; max-width: 200px;z-index: 92;\" />    </a>  </div>','Htmlshjd','app-message-no-device');
/*!40000 ALTER TABLE `app_message` ENABLE KEYS */;
UNLOCK TABLES;

--
-- Table structure for table `authorization`
--

DROP TABLE IF EXISTS `authorization`;
/*!40101 SET @saved_cs_client     = @@character_set_client */;
/*!40101 SET character_set_client = utf8 */;
CREATE TABLE `authorization` (
  `id` varchar(40) NOT NULL,
  `auth_date` datetime NOT NULL,
  `clinic_id` varchar(40) NOT NULL,
  `user_id` varchar(40) NOT NULL,
  `activePatient` bit(1) DEFAULT NULL,
  `clinicianName` varchar(20) DEFAULT NULL,
  PRIMARY KEY (`id`)
) ENGINE=InnoDB DEFAULT CHARSET=latin1;
/*!40101 SET character_set_client = @saved_cs_client */;

--
-- Dumping data for table `authorization`
--

LOCK TABLES `authorization` WRITE;
/*!40000 ALTER TABLE `authorization` DISABLE KEYS */;
INSERT INTO `authorization` VALUES ('00654569-6206-485A-9753-747E645505C0','2020-12-05 23:34:29','3CD5B856-61E8-446F-A5D9-BEA19F6BB857','AFEEEA2C-D77D-4E19-BBF1-1CF467439F05',_binary '',NULL),('00E8E633-FEEF-4D7B-A377-BCFAA39146A6','2020-10-19 15:37:33','492EEC20-575F-442B-AEB1-206D26F20063','7CFA7E99-978E-44A9-BD0D-4B51B0582057',_binary '',NULL),('0312555D-E0BB-44CA-9899-DB7F8C73601C','2020-12-05 23:45:28','3CD5B856-61E8-446F-A5D9-BEA19F6BB857','445248EB-3B0B-4E46-B2A2-1B0951ACB83A',_binary '\0',NULL),('06BCFB04-3646-48DD-837C-FA3F96618851','2020-12-06 00:04:42','3CD5B856-61E8-446F-A5D9-BEA19F6BB857','6D9BA9E7-0278-41C1-9785-CC38A69C4B26',_binary '\0',NULL),('08F64A76-118F-419F-AEB7-7F347F7F7D0D','2020-10-13 00:28:08','3CD5B856-61E8-446F-A5D9-BEA19F6BB857','1D2E9433-B4F4-4006-AA57-3E7BAF5F52DF',_binary '\0',NULL),('09967EE7-33B1-4E57-A22C-AFFA889A7485','2020-12-29 16:06:42','3CD5B856-61E8-446F-A5D9-BEA19F6BB857','E672C2C8-3B99-45C8-8C0C-4B98185F5E1D',_binary '\0',NULL),('0D0174C6-8621-4448-8120-40A8E6609EC5','2020-12-05 23:25:33','3CD5B856-61E8-446F-A5D9-BEA19F6BB857','D2A26152-51B1-4603-896E-980EB8581A6A',_binary '',NULL),('0D31A28C-28C7-4F64-8FA4-6189F5CC62B2','2020-12-05 22:58:27','3CD5B856-61E8-446F-A5D9-BEA19F6BB857','0DC9C6F7-E512-45E3-827E-57AE8E68AB3B',_binary '\0',NULL),('0F7C5D68-65EA-4289-AFCF-80DD45220E19','2020-11-30 11:34:52','3CD5B856-61E8-446F-A5D9-BEA19F6BB857','BF9AE3F1-D747-413F-A4C3-30CE0390531F',_binary '\0',NULL),('1159B3B6-F1F5-46F3-9EE3-436D75FD0495','2020-10-19 11:34:08','3CD5B856-61E8-446F-A5D9-BEA19F6BB857','95FC194A-D079-4131-83CE-44DC01119FCE',_binary '',NULL),('11884184-CFBA-4EE1-83B6-593544238540','2020-10-19 16:04:06','3CD5B856-61E8-446F-A5D9-BEA19F6BB857','1D44501D-7862-4C0F-8C3F-6F50E1CD21F2',_binary '',NULL),('123465EC-ADC3-45E7-B26B-2DEDAFC8C37A','2020-12-05 20:09:09','3CD5B856-61E8-446F-A5D9-BEA19F6BB857','EC8432AB-036A-4FB4-B390-0D4A8A0F7740',_binary '\0',NULL),('124B9B02-2543-43C1-ABF0-706E8F18E858','2020-10-19 15:42:48','3CD5B856-61E8-446F-A5D9-BEA19F6BB857','1D44501D-7862-4C0F-8C3F-6F50E1CD21F2',_binary '',NULL),('13F3D7DF-EBD3-46C8-B85F-15623859CB54','2020-12-06 00:04:42','3CD5B856-61E8-446F-A5D9-BEA19F6BB857','C01EEF03-835A-4F3F-B2E3-26BA81218BED',_binary '\0',NULL),('176ACA73-4EE2-475E-88F5-A936AA6A32E0','2020-12-06 00:04:42','3CD5B856-61E8-446F-A5D9-BEA19F6BB857','841F19B3-7625-4877-B88C-F64CB5E50DD0',_binary '\0',NULL),('1CECCAE6-378F-413B-8A1B-F4A288332890','2020-12-08 13:18:55','3CD5B856-61E8-446F-A5D9-BEA19F6BB857','E8E61C2E-3E72-4A90-A133-5029ECE7AADB',_binary '\0',NULL),('1EE1CDFD-6BB0-4B9F-96CD-16D023B56A30','2020-12-08 13:18:13','3CD5B856-61E8-446F-A5D9-BEA19F6BB857','73DC6C2B-CDD2-43CD-8114-F86C03751C21',_binary '',NULL),('217C0867-8AF6-435B-ADA1-C3749A1A4262','2021-01-28 14:47:58','3CD5B856-61E8-446F-A5D9-BEA19F6BB857','F9102633-763F-4A49-AA1C-C29D40177F0A',_binary '',NULL),('24DA6E05-FCC8-43A8-8583-E74A003042E9','2020-12-06 00:04:42','3CD5B856-61E8-446F-A5D9-BEA19F6BB857','06BCFB04-3646-48DD-837C-FA3F96618851',_binary '\0',NULL),('2AF88601-7701-47E7-98AB-E8F7FF887784','2020-10-15 16:32:41','3CD5B856-61E8-446F-A5D9-BEA19F6BB857','05784286-A76A-4FE6-842A-0EB4EC281A2D',_binary '\0',NULL),('2CFBD4BC-F9D1-4592-9AA1-C91CA4DB0F73','2020-12-05 19:53:16','3CD5B856-61E8-446F-A5D9-BEA19F6BB857','49D78F3C-50D3-4CB4-8474-8ABFF60136CE',_binary '\0',NULL),('303EC1EA-BB0C-4E2E-9261-66F2844808DB','2020-12-05 20:09:09','3CD5B856-61E8-446F-A5D9-BEA19F6BB857','D8392FBA-E189-4F94-B08E-00916144DC21',_binary '',NULL),('34C945EC-24F5-4C26-A44A-6B1179A02E1C','2020-12-06 00:04:42','3CD5B856-61E8-446F-A5D9-BEA19F6BB857','5F96C71E-51F5-4694-975F-9E1221CAE447',_binary '\0',NULL),('3626C67D-9635-42C4-9A42-3FEF727E62E8','2020-12-05 23:22:31','3CD5B856-61E8-446F-A5D9-BEA19F6BB857','3733C1D3-DF61-4616-A595-B4B5C8BF49D5',_binary '',NULL),('3733C1D3-DF61-4616-A595-B4B5C8BF49D5','2020-12-05 23:22:31','3CD5B856-61E8-446F-A5D9-BEA19F6BB857','F1508EB2-EA81-4705-B454-66DFB8F49FE1',_binary '\0',NULL),('3C54328A-8B67-46C0-9176-A686C0072C15','2020-12-06 00:04:42','3CD5B856-61E8-446F-A5D9-BEA19F6BB857','34C945EC-24F5-4C26-A44A-6B1179A02E1C',_binary '\0',NULL),('45706AFE-59A3-49CD-A9AA-83D4CC924A8F','2020-10-19 15:36:01','492EEC20-575F-442B-AEB1-206D26F20063','4B0031A0-3F19-4A27-A1BE-9124C1752D0E',_binary '',NULL),('46FF007B-37EC-4612-857D-1C49DC079B49','2020-12-05 23:52:57','3CD5B856-61E8-446F-A5D9-BEA19F6BB857','5DDB8071-A8C7-46CA-8D01-3A9BE6357C26',_binary '\0',NULL),('477863D6-3EE5-4EE0-B5CF-56A89DDB336A','2020-12-05 18:59:33','3CD5B856-61E8-446F-A5D9-BEA19F6BB857','800E1747-F920-46CC-A530-FD15E5EA221E',_binary '',NULL),('49D78F3C-50D3-4CB4-8474-8ABFF60136CE','2020-12-05 19:53:16','3CD5B856-61E8-446F-A5D9-BEA19F6BB857','0B6D98BD-C623-4891-BFD2-DC9DEA40E671',_binary '\0',NULL),('4D3E4CF8-601C-4A78-8443-934FED0A883B','2020-09-19 22:34:53','3CD5B856-61E8-446F-A5D9-BEA19F6BB857','13847236-FBE5-4CC8-BF20-9B9CF7880090',_binary '\0',NULL),('5159456A-BAD6-47DC-9E77-B867CA3C7022','2021-01-31 11:59:47','3CD5B856-61E8-446F-A5D9-BEA19F6BB857','AD108E72-38C8-4B91-A187-65E4D45E6B4D',_binary '',NULL),('51956E52-1D61-442F-8F64-3B6E3FD2BFE6','2020-12-05 20:03:21','3CD5B856-61E8-446F-A5D9-BEA19F6BB857','3FE832A0-4147-45D5-970F-B49986F763BB',_binary '\0',NULL),('55F1043C-B65F-4CA4-8B26-CDC26CB04080','2020-12-08 13:18:13','3CD5B856-61E8-446F-A5D9-BEA19F6BB857','5912E27B-12E5-4673-A5AA-7A9CEE7D8828',_binary '',NULL),('566D4F14-BCFF-4C90-8229-DF0D57FD14BF','2020-12-29 16:06:42','3CD5B856-61E8-446F-A5D9-BEA19F6BB857','53F89314-7093-41AA-8E70-D5F4EC58AB44',_binary '',NULL),('5798F9F5-2096-4273-9CFF-C7F9821DC199','2020-12-05 19:53:16','3CD5B856-61E8-446F-A5D9-BEA19F6BB857','2CFBD4BC-F9D1-4592-9AA1-C91CA4DB0F73',_binary '',NULL),('5DDB8071-A8C7-46CA-8D01-3A9BE6357C26','2020-12-05 23:50:05','3CD5B856-61E8-446F-A5D9-BEA19F6BB857','D2F106B4-38BD-4280-9CB6-41304C0CDFE4',_binary '\0',NULL),('5F96C71E-51F5-4694-975F-9E1221CAE447','2020-12-06 00:04:42','3CD5B856-61E8-446F-A5D9-BEA19F6BB857','C1C3DF9C-BDB6-40CF-B399-D9AE95F6FE9A',_binary '\0',NULL),('63464091-2386-4192-A9DD-69ACCFCA6E91','2020-12-05 20:21:39','B4A81413-8E6E-4061-8876-F445EC197A3C','1E38D868-8B3F-4B8B-95C8-6C7227655347',_binary '',NULL),('6485B219-233F-45E9-BB34-5253E0EF6C9A','2021-01-04 12:11:02','3CD5B856-61E8-446F-A5D9-BEA19F6BB857','711D55FB-5A36-441A-8412-0DCB47F47B84',_binary '',NULL),('64899A71-86D9-41FD-B9E8-1F8828855F55','2021-01-27 19:32:55','3CD5B856-61E8-446F-A5D9-BEA19F6BB857','AD108E72-38C8-4B91-A187-65E4D45E6B4D',_binary '',NULL),('65BE8BC9-5B51-40C3-B492-E3C6F16A20CE','2020-12-06 01:30:17','3CD5B856-61E8-446F-A5D9-BEA19F6BB857','8C69EC1E-903D-4C9B-AC5D-81DB08B64DEE',_binary '\0',NULL),('66072CB6-27B8-4FF4-85B5-CF7ADAC9FB5D','2020-10-13 00:40:34','3CD5B856-61E8-446F-A5D9-BEA19F6BB857','3A1EAE32-54F1-414F-A848-7172855A8BDC',_binary '\0',NULL),('6735C2A8-EE9E-4487-B19D-7C5DCF022EF9','2021-01-03 16:27:47','3CD5B856-61E8-446F-A5D9-BEA19F6BB857','ECEFF0F4-C867-4247-9E51-B910646D20CD',_binary '',NULL),('6E959778-3F82-4F7E-809E-2CC5D76FBECF','2020-12-06 00:27:04','3CD5B856-61E8-446F-A5D9-BEA19F6BB857','06BCFB04-3646-48DD-837C-FA3F96618851',_binary '',NULL),('71107F32-0917-463A-BEAD-C28C469BA7DF','2021-01-03 16:27:47','3CD5B856-61E8-446F-A5D9-BEA19F6BB857','04A509AE-8D46-4343-A923-B8CE9FB009F2',_binary '',NULL),('783AE898-5964-489F-997B-4FA2689AC0B3','2020-12-05 23:45:28','3CD5B856-61E8-446F-A5D9-BEA19F6BB857','445248EB-3B0B-4E46-B2A2-1B0951ACB83A',_binary '\0',NULL),('7A72CD67-6D05-421E-A9B3-029C7C4004CD','2020-12-06 00:04:42','3CD5B856-61E8-446F-A5D9-BEA19F6BB857','A70FA01A-253A-43C4-94B0-952BEE984B63',_binary '',NULL),('7EE69214-DCC4-45C5-A39F-B3CB4C8FC243','2020-12-05 20:18:46','3CD5B856-61E8-446F-A5D9-BEA19F6BB857','A493E61C-6C50-4152-85F7-A23AE8A8897B',_binary '\0',NULL),('7FAB13F9-059A-4B03-BED0-2193BDA3FCF9','2021-01-08 18:52:08','3CD5B856-61E8-446F-A5D9-BEA19F6BB857','246CC301-A279-4CF6-A48A-3B2ACE55E119',_binary '',NULL),('841F19B3-7625-4877-B88C-F64CB5E50DD0','2020-12-06 00:04:42','3CD5B856-61E8-446F-A5D9-BEA19F6BB857','24DA6E05-FCC8-43A8-8583-E74A003042E9',_binary '\0',NULL),('854CC088-7A8E-40D6-BE39-742430D1AE0B','2020-12-05 22:58:27','3CD5B856-61E8-446F-A5D9-BEA19F6BB857','EC883505-0432-4EE0-BB54-170A047D5496',_binary '',NULL),('86834D56-2778-4302-8099-D4FB0C287161','2020-12-08 13:18:55','3CD5B856-61E8-446F-A5D9-BEA19F6BB857','B812B6CF-6534-48BE-A018-05FA0970C4D2',_binary '',NULL),('8764C2B9-D72B-4B14-98FF-EEEE9A3AEEA3','2020-12-06 00:54:23','3CD5B856-61E8-446F-A5D9-BEA19F6BB857','D9517045-898F-4041-93E6-B7F0E3B6CBE6',_binary '\0',NULL),('8AC370D7-C8D1-41CC-8B47-7FE2781FAE6A','2020-10-19 15:35:56','492EEC20-575F-442B-AEB1-206D26F20063','95FC194A-D079-4131-83CE-44DC01119FCE',_binary '',NULL),('8F226116-40E6-4623-85D3-785BA94F0927','2020-10-01 15:43:51','3CD5B856-61E8-446F-A5D9-BEA19F6BB857','4B0031A0-3F19-4A27-A1BE-9124C1752D0E',_binary '\0',NULL),('92ED8C34-FAFE-4E78-B6A4-7A93FE1A28A0','2020-12-05 19:25:05','3CD5B856-61E8-446F-A5D9-BEA19F6BB857','0298D526-5CD0-428D-8DE4-86D8E2B8ACF9',_binary '',NULL),('9901E9B7-1731-4A27-A8AE-889B47E600CC','2021-01-31 12:28:49','3CD5B856-61E8-446F-A5D9-BEA19F6BB857','043D3F4C-5372-497E-A732-3CFB0BD4B0D7',_binary '',NULL),('998AE159-A569-49C4-92E3-D0D25E39E40A','2021-01-28 14:48:05','3CD5B856-61E8-446F-A5D9-BEA19F6BB857','E8E61C2E-3E72-4A90-A133-5029ECE7AADB',_binary '\0',NULL),('9A7E0231-8EE4-4248-BB10-67D99376ED9D','2021-01-03 16:27:47','3CD5B856-61E8-446F-A5D9-BEA19F6BB857','F9102633-763F-4A49-AA1C-C29D40177F0A',_binary '',NULL),('9AE0115B-F8C1-4BA8-85A2-24B9EC6A87D5','2021-01-04 12:13:00','3CD5B856-61E8-446F-A5D9-BEA19F6BB857','9096C99C-9EC6-43B3-B5B7-91775C5C9829',_binary '',NULL),('9C27B066-8C2C-4F9E-9ED4-86EABBC6A1D2','2020-12-06 00:04:42','3CD5B856-61E8-446F-A5D9-BEA19F6BB857','13F3D7DF-EBD3-46C8-B85F-15623859CB54',_binary '\0',NULL),('9E07A1B5-CCA7-468E-8D03-FEE6B93E504B','2020-10-13 00:43:26','3CD5B856-61E8-446F-A5D9-BEA19F6BB857','94EDB102-8F68-4594-9F97-628C3E0461C9',_binary '\0',NULL),('9F50F644-3718-40C4-977E-D0994E14145B','2020-09-08 18:42:19','3CD5B856-61E8-446F-A5D9-BEA19F6BB857','2E9B28EF-8F93-4527-87C7-E256E0731384',_binary '',NULL),('9FC0C672-04BC-46EF-A29E-83DE673D8C6B','2021-01-31 12:11:45','3CD5B856-61E8-446F-A5D9-BEA19F6BB857','3492F359-8641-4485-B762-7A6507AE5B3E',_binary '\0',NULL),('A26FAEEA-487B-4B77-AFC6-623FA3BFED4C','2020-12-08 13:18:55','3CD5B856-61E8-446F-A5D9-BEA19F6BB857','73DC6C2B-CDD2-43CD-8114-F86C03751C21',_binary '',NULL),('A70FA01A-253A-43C4-94B0-952BEE984B63','2020-12-06 00:04:42','3CD5B856-61E8-446F-A5D9-BEA19F6BB857','176ACA73-4EE2-475E-88F5-A936AA6A32E0',_binary '\0',NULL),('A718C344-D6C2-4AA2-9A2A-CBB99EFDD176','2020-12-08 13:18:13','3CD5B856-61E8-446F-A5D9-BEA19F6BB857','F1CF1F3F-C4E3-42DA-9CF1-CDD10D515D8C',_binary '',NULL),('AB1FD91C-4038-409F-AD3B-E08AE9FA8E07','2020-10-13 00:55:35','3CD5B856-61E8-446F-A5D9-BEA19F6BB857','EA5A4D3B-7844-4282-8682-B28ED86D4351',_binary '\0',NULL),('AB616CBC-82B8-41FD-8BFE-D80DAF90E595','2020-12-08 13:18:55','3CD5B856-61E8-446F-A5D9-BEA19F6BB857','F1CF1F3F-C4E3-42DA-9CF1-CDD10D515D8C',_binary '',NULL),('ABDF165F-03DC-4BA6-A327-C3EA7E20BC74','2021-01-09 18:55:15','01DCF1B9-8B13-47E5-8B0C-A10CDB1038C3','610DD971-606C-4814-BCD8-AF8A0799FC4B',_binary '',NULL),('AD29C6EC-376F-46FB-BDF6-7664FCCBC37F','2021-03-19 12:26:26','01DCF1B9-8B13-47E5-8B0C-A10CDB1038C3','8FD53748-5BDB-4EA7-9D3C-0BF33FBD96DF',_binary '',NULL),('AF0AA111-C393-4F6B-94BE-BCD6213DFE14','2020-12-05 20:18:46','3CD5B856-61E8-446F-A5D9-BEA19F6BB857','7EE69214-DCC4-45C5-A39F-B3CB4C8FC243',_binary '',NULL),('AFEEEA2C-D77D-4E19-BBF1-1CF467439F05','2020-12-05 23:34:29','3CD5B856-61E8-446F-A5D9-BEA19F6BB857','B9F991B9-ACC1-4F4F-A7C8-87C9B456E202',_binary '\0',NULL),('B7F4B2E3-B6C2-44B6-B2D4-0CFD79E52E49','2020-10-19 15:25:10','3CD5B856-61E8-446F-A5D9-BEA19F6BB857','4B0031A0-3F19-4A27-A1BE-9124C1752D0E',_binary '',NULL),('B8F7932D-DB3D-469B-83B4-4BEB7B3BD6C3','2020-10-19 15:18:22','3CD5B856-61E8-446F-A5D9-BEA19F6BB857','1D44501D-7862-4C0F-8C3F-6F50E1CD21F2',_binary '',NULL),('B8F8E988-433D-412F-BEF4-DAFB29DFC080','2020-10-08 14:21:07','3CD5B856-61E8-446F-A5D9-BEA19F6BB857','4B0031A0-3F19-4A27-A1BE-9124C1752D0E',_binary '',NULL),('BA476967-0643-40AF-B461-67FE7ECDF80D','2021-01-04 10:11:18','3CD5B856-61E8-446F-A5D9-BEA19F6BB857','C1EC0439-F500-48B6-9C5E-F8B7AB82F3AD',_binary '',NULL),('BA6FC7F4-F7C6-4BC8-B81B-ABE21FB67C56','2020-12-06 00:04:42','3CD5B856-61E8-446F-A5D9-BEA19F6BB857','3C54328A-8B67-46C0-9176-A686C0072C15',_binary '',NULL),('BB0EFB9E-C611-4D35-80DB-2693FA356BE2','2020-12-05 23:58:29','B4A81413-8E6E-4061-8876-F445EC197A3C','68AA1F4F-AFFB-4DAE-8758-518523C8EC5A',_binary '',NULL),('C01EEF03-835A-4F3F-B2E3-26BA81218BED','2020-12-06 00:04:42','3CD5B856-61E8-446F-A5D9-BEA19F6BB857','7A72CD67-6D05-421E-A9B3-029C7C4004CD',_binary '\0',NULL),('C1C3DF9C-BDB6-40CF-B399-D9AE95F6FE9A','2020-12-06 00:04:42','3CD5B856-61E8-446F-A5D9-BEA19F6BB857','9C27B066-8C2C-4F9E-9ED4-86EABBC6A1D2',_binary '\0',NULL),('C285B5C6-AA06-4C2D-AE6B-22EC120B7C7B','2020-12-06 00:24:43','3CD5B856-61E8-446F-A5D9-BEA19F6BB857','24DA6E05-FCC8-43A8-8583-E74A003042E9',_binary '',NULL),('C2B6109C-FB2D-4296-AF48-782D203F40E9','2020-12-29 16:06:42','3CD5B856-61E8-446F-A5D9-BEA19F6BB857','5EEAA25D-87C4-4B80-AE7F-AB7E73A5CDD8',_binary '',NULL),('C35D47D7-11B2-4385-B0A9-559DCE335DE5','2020-12-05 20:03:21','3CD5B856-61E8-446F-A5D9-BEA19F6BB857','51956E52-1D61-442F-8F64-3B6E3FD2BFE6',_binary '',NULL),('C630ACE9-89A3-4024-B354-513E093DCF35','2021-01-04 13:12:54','01DCF1B9-8B13-47E5-8B0C-A10CDB1038C3','4D6E2DE8-398E-406A-9168-EA1F7C5A4756',_binary '',NULL),('D1806679-267D-4571-9471-CEFF625FA975','2020-12-05 23:45:28','3CD5B856-61E8-446F-A5D9-BEA19F6BB857','0312555D-E0BB-44CA-9899-DB7F8C73601C',_binary '\0',NULL),('D1B24126-20D9-4D84-9E3E-88FE1225EDEB','2021-03-18 15:14:04','492EEC20-575F-442B-AEB1-206D26F20063','AD108E72-38C8-4B91-A187-65E4D45E6B4D',_binary '',NULL),('D227C214-C0BA-40B4-B753-BAA57CF372FA','2020-12-05 20:21:39','B4A81413-8E6E-4061-8876-F445EC197A3C','63464091-2386-4192-A9DD-69ACCFCA6E91',_binary '',NULL),('D2A26152-51B1-4603-896E-980EB8581A6A','2020-12-05 23:25:33','3CD5B856-61E8-446F-A5D9-BEA19F6BB857','7885D1B5-C62E-46EC-B809-6C27076CFF33',_binary '\0',NULL),('D6285E48-6AB1-4755-8F88-743C090FD135','2020-09-08 19:10:14','3CD5B856-61E8-446F-A5D9-BEA19F6BB857','B9744D8C-C9EE-45F5-A260-2B6EB3BBBF37',_binary '',NULL),('D8392FBA-E189-4F94-B08E-00916144DC21','2020-12-05 20:09:09','3CD5B856-61E8-446F-A5D9-BEA19F6BB857','123465EC-ADC3-45E7-B26B-2DEDAFC8C37A',_binary '',NULL),('D9DE9AE1-D724-4AFA-803A-FB1ACD7460A7','2020-10-19 15:43:14','3CD5B856-61E8-446F-A5D9-BEA19F6BB857','7CFA7E99-978E-44A9-BD0D-4B51B0582057',_binary '',NULL),('DA987908-7E97-44A3-832F-C19F7B3A1C8B','2020-10-13 00:37:02','3CD5B856-61E8-446F-A5D9-BEA19F6BB857','FCC5E618-8781-4B35-89B6-9A577817964F',_binary '\0',NULL),('DEEC570A-3C44-4B4F-B9DB-7392393E0670','2020-12-05 23:50:05','3CD5B856-61E8-446F-A5D9-BEA19F6BB857','D2F106B4-38BD-4280-9CB6-41304C0CDFE4',_binary '',NULL),('DFB4E1DB-F60B-4971-BF05-6F76BD4AF19C','2021-02-04 19:29:22','3CD5B856-61E8-446F-A5D9-BEA19F6BB857','C20C4D00-32C9-49F0-B8A7-FD957A83FC35',_binary '',NULL),('E0478A47-2F8A-43AC-A56D-C48211414342','2020-12-05 23:45:28','3CD5B856-61E8-446F-A5D9-BEA19F6BB857','D1806679-267D-4571-9471-CEFF625FA975',_binary '\0',NULL),('E9FDB902-59CD-455D-968B-909D88A4B52F','2020-12-06 00:49:59','3CD5B856-61E8-446F-A5D9-BEA19F6BB857','D9517045-898F-4041-93E6-B7F0E3B6CBE6',_binary '\0',NULL),('EC883505-0432-4EE0-BB54-170A047D5496','2020-12-05 22:58:27','3CD5B856-61E8-446F-A5D9-BEA19F6BB857','F927B3CC-989A-471C-8A42-05611C122332',_binary '',NULL),('EEB1BAE9-EA67-4081-8764-F7984CB4FDAB','2020-10-19 15:43:23','3CD5B856-61E8-446F-A5D9-BEA19F6BB857','5D64207D-2B88-4669-AC79-AB146E3670E7',_binary '',NULL),('EED0625F-2FB6-49DC-B953-B367F5D8E568','2020-12-08 13:18:55','3CD5B856-61E8-446F-A5D9-BEA19F6BB857','5912E27B-12E5-4673-A5AA-7A9CEE7D8828',_binary '\0',NULL),('EEE9731C-80BE-4269-AB96-1AD6FD4D62A1','2020-12-05 23:58:29','B4A81413-8E6E-4061-8876-F445EC197A3C','68AA1F4F-AFFB-4DAE-8758-518523C8EC5A',_binary '\0',NULL),('F01C0769-25A6-4108-A8EF-E885E613C023','2021-01-28 14:47:46','3CD5B856-61E8-446F-A5D9-BEA19F6BB857','AD108E72-38C8-4B91-A187-65E4D45E6B4D',_binary '',NULL),('F14945A0-364C-4A1F-923B-E56D6449EA48','2020-10-13 00:56:52','3CD5B856-61E8-446F-A5D9-BEA19F6BB857','A3EF24AC-47A3-4B69-B3CF-6C0AD256E2FD',_binary '',NULL),('F3366F4D-4374-46D3-8641-6DEB791BDEE7','2021-01-31 12:37:47','3CD5B856-61E8-446F-A5D9-BEA19F6BB857','3492F359-8641-4485-B762-7A6507AE5B3E',_binary '',NULL),('F37BACB6-EFDD-493D-8843-B2ACE144AD89','2020-12-05 23:45:28','3CD5B856-61E8-446F-A5D9-BEA19F6BB857','783AE898-5964-489F-997B-4FA2689AC0B3',_binary '',NULL),('F58F9831-7973-4FE9-89EE-9BBD01F9079E','2020-10-15 11:50:27','3CD5B856-61E8-446F-A5D9-BEA19F6BB857','95FC194A-D079-4131-83CE-44DC01119FCE',_binary '',NULL),('F5B8CC6F-DA81-4831-9DCE-D8DDB65BC288','2020-10-22 07:42:38','3CD5B856-61E8-446F-A5D9-BEA19F6BB857','66144DC3-B2BA-4466-9653-7EDEA30C1C4C',_binary '',NULL),('F619272A-DF36-4D4A-9EA8-3882D691DB8B','2020-12-29 16:06:42','3CD5B856-61E8-446F-A5D9-BEA19F6BB857','F1EE7BFD-76F0-4A01-9A00-2822AECA9C87',_binary '',NULL),('F65E93AD-D1C2-4F07-9CD5-744186B9DF1F','2021-01-03 16:27:47','3CD5B856-61E8-446F-A5D9-BEA19F6BB857','0D226169-293D-4D22-9313-9CC8CBEB674C',_binary '\0',NULL),('F82F467D-62FA-4F98-8B09-726B31C1C52D','2020-12-08 13:18:13','3CD5B856-61E8-446F-A5D9-BEA19F6BB857','E8E61C2E-3E72-4A90-A133-5029ECE7AADB',_binary '\0',NULL),('F927B3CC-989A-471C-8A42-05611C122332','2020-12-05 22:58:27','3CD5B856-61E8-446F-A5D9-BEA19F6BB857','0D31A28C-28C7-4F64-8FA4-6189F5CC62B2',_binary '\0',NULL),('FC56E93F-4ABD-4AC0-AA50-9E5FA2F403BC','2021-01-08 18:17:27','3CD5B856-61E8-446F-A5D9-BEA19F6BB857','9A18C761-B6FD-4549-A40D-33EE63E141C4',_binary '',NULL),('FCD70838-4E5A-4E88-A060-2996EF920FB4','2020-10-13 00:58:08','3CD5B856-61E8-446F-A5D9-BEA19F6BB857','9F8ADB2A-FB6E-4AE9-AA7C-792B754B8F4C',_binary '',NULL);
/*!40000 ALTER TABLE `authorization` ENABLE KEYS */;
UNLOCK TABLES;

--
-- Table structure for table `clinic`
--

DROP TABLE IF EXISTS `clinic`;
/*!40101 SET @saved_cs_client     = @@character_set_client */;
/*!40101 SET character_set_client = utf8 */;
CREATE TABLE `clinic` (
  `clinic_id` varchar(40) NOT NULL,
  `clinic_address` varchar(100) NOT NULL,
  `clinic_email` varchar(100) NOT NULL,
  `clinic_name` varchar(100) NOT NULL,
  `created_at` datetime NOT NULL,
  `total_patient` varchar(255) DEFAULT NULL,
  `total_user` varchar(255) DEFAULT NULL,
  PRIMARY KEY (`clinic_id`)
) ENGINE=InnoDB DEFAULT CHARSET=latin1;
/*!40101 SET character_set_client = @saved_cs_client */;

--
-- Dumping data for table `clinic`
--

LOCK TABLES `clinic` WRITE;
/*!40000 ALTER TABLE `clinic` DISABLE KEYS */;
INSERT INTO `clinic` VALUES ('01DCF1B9-8B13-47E5-8B0C-A10CDB1038C3','gota','suman@pyther.com','test','2021-01-04 13:35:34',NULL,NULL),('3CD5B856-61E8-446F-A5D9-BEA19F6BB857','gota','clinic@newclinic.com','baby','2021-01-28 10:29:34',NULL,NULL),('492EEC20-575F-442B-AEB1-206D26F20063','abc','abc@pyther.com','abcd','2020-09-08 19:48:55',NULL,NULL),('B4A81413-8E6E-4061-8876-F445EC197A3C','','','xy','2020-12-05 20:21:39',NULL,NULL);
/*!40000 ALTER TABLE `clinic` ENABLE KEYS */;
UNLOCK TABLES;

--
-- Table structure for table `clinic_user`
--

DROP TABLE IF EXISTS `clinic_user`;
/*!40101 SET @saved_cs_client     = @@character_set_client */;
/*!40101 SET character_set_client = utf8 */;
CREATE TABLE `clinic_user` (
  `id` varchar(40) NOT NULL,
  `clinicId` varchar(40) NOT NULL,
  `created_at` datetime NOT NULL,
  `userId` varchar(40) DEFAULT NULL,
  PRIMARY KEY (`id`),
  UNIQUE KEY `UK_3qvb88nhv73lhrl6j12x2uhaq` (`userId`)
) ENGINE=InnoDB DEFAULT CHARSET=latin1;
/*!40101 SET character_set_client = @saved_cs_client */;

--
-- Dumping data for table `clinic_user`
--

LOCK TABLES `clinic_user` WRITE;
/*!40000 ALTER TABLE `clinic_user` DISABLE KEYS */;
INSERT INTO `clinic_user` VALUES ('062BA8D1-C007-4B48-8766-9282888F5379','3CD5B856-61E8-446F-A5D9-BEA19F6BB857','2020-09-08 19:16:34','A6BBFAC1-0AA0-44D6-ABEA-7EDEFAF3EC97'),('07AD4B2E-1DE0-480A-92BC-E5CDF37C8973','3CD5B856-61E8-446F-A5D9-BEA19F6BB857','2021-02-02 12:37:43','9604CF15-56AC-40D9-952E-7FE5A5969BAB'),('152371CF-0779-42B1-8F54-A0F1C3ED2F07','3CD5B856-61E8-446F-A5D9-BEA19F6BB857','2020-09-19 19:21:43','B02572AB-E6F9-43EB-9979-4A483C547133'),('18FC556E-E45C-40EC-B38C-C68636F691B0','34226C70-5CB6-433C-9BD0-8F36D11EA5A7','2020-12-01 20:51:20','4032A6D6-D1B6-49D2-91D1-4964598F7B96'),('29EFDD56-39C6-4E3D-84A9-B697A96738D3','34226C70-5CB6-433C-9BD0-8F36D11EA5A7','2020-10-01 11:19:15','95FC194A-D079-4131-83CE-44DC01119FCE'),('320A7AFB-DF7F-40A6-9A2B-A4D7727ADE76','34226C70-5CB6-433C-9BD0-8F36D11EA5A7','2020-09-05 18:20:36','F3F533C0-5986-4ABE-A4B4-C886AF033EEE'),('39BAA10B-342D-4FE9-974C-6B5024AEE96A','3CD5B856-61E8-446F-A5D9-BEA19F6BB857','2020-09-08 19:49:44','EC2CAFB1-4653-4165-99F0-CE5538236907'),('4329D189-7D90-4AD4-B6FB-600FD662CD0B','34226C70-5CB6-433C-9BD0-8F36D11EA5A7','2021-01-27 17:07:45','9264923E-EA5D-498A-AE96-5294C2EE0E2D'),('4647C46E-4DE9-4854-8AD9-128672DD2478','3CD5B856-61E8-446F-A5D9-BEA19F6BB857','2021-01-08 19:01:09','8C83050A-40FB-458D-A3C5-154AA0D0D8EF'),('47E6F3A0-5203-4FA9-B81C-2E3216DB52A5','3CD5B856-61E8-446F-A5D9-BEA19F6BB857','2020-09-08 19:16:11','C0D52917-A9B4-455F-BE28-278EB55D4557'),('48166723-B75F-4804-B3D6-CE0857A10CB1','3CD5B856-61E8-446F-A5D9-BEA19F6BB857','2020-10-19 11:32:41','6FB661D4-43F5-4CA4-9E8A-0E9302EA4992'),('49988F4C-E647-4125-8EE6-9A2DF1BDEAFA','3CD5B856-61E8-446F-A5D9-BEA19F6BB857','2021-01-09 12:56:35','7E374834-AFE8-44E0-B3BE-5F75AA433F81'),('4EC0D400-748A-4892-BAA8-77CB8ECDF134','3CD5B856-61E8-446F-A5D9-BEA19F6BB857','2020-10-19 11:26:12','6B249489-F5B6-4337-A027-2705F7DBAB7E'),('60C43878-EC47-43A7-BB8A-4FD54F9B654E','34226C70-5CB6-433C-9BD0-8F36D11EA5A7','2020-09-08 20:03:05','45566F99-F459-4D36-B6C1-C612E4FF6681'),('6475EC98-19F1-4D0E-8D7B-D3F0B74CCD93','B4A81413-8E6E-4061-8876-F445EC197A3C','2020-12-12 16:30:25','1DB99D68-7534-4C09-9803-1EF139222E40'),('735F7541-56A4-40F9-B7AB-E7D8AA21E1F4','01DCF1B9-8B13-47E5-8B0C-A10CDB1038C3','2021-02-02 12:39:01','BDD75142-08D1-4612-988B-5D541DBFFF6B'),('83ECB8DC-806E-4C45-8FF0-9B20792AD59C','34226C70-5CB6-433C-9BD0-8F36D11EA5A7','2020-12-01 21:04:35','7E4310BC-FD96-464C-9C77-6A65646A36BA'),('8A03AC88-CFE4-4459-A97E-0B77F1896AB5','3CD5B856-61E8-446F-A5D9-BEA19F6BB857','2021-01-08 15:09:30','E79C97A7-09CF-4467-8179-975883FF5DC7'),('8A06466F-A9DB-454F-B91C-6D857931D7A1','3CD5B856-61E8-446F-A5D9-BEA19F6BB857','2020-10-19 11:32:23','A19C5173-4250-46E2-BC4A-3DF244AA23B3'),('98A2D613-C3C1-4334-A249-EA9A472937FF','3CD5B856-61E8-446F-A5D9-BEA19F6BB857','2021-01-28 14:49:06','C9798092-2FA1-468B-9876-95B28A0C2CF9'),('A14C137D-FECA-4225-8A36-1E3D3DD07E8F','3CD5B856-61E8-446F-A5D9-BEA19F6BB857','2021-01-30 16:11:58','610DD971-606C-4814-BCD8-AF8A0799FC4B'),('A3B6C80A-C9C3-4113-9617-7D2417A48B65','3CD5B856-61E8-446F-A5D9-BEA19F6BB857','2020-10-19 11:25:21','8C7B1507-1E21-4E13-AE78-761D47FE3DB3'),('A7C82E2E-7F20-4C96-AB43-1CFD2EA26B5D','34226C70-5CB6-433C-9BD0-8F36D11EA5A7','2020-09-20 14:35:14','8BE5BE11-0E22-4459-BBB6-90810357D0CE'),('A8DC7E68-4088-46C5-BBA2-3DBFA62E99AB','34226C70-5CB6-433C-9BD0-8F36D11EA5A7','2020-09-05 18:21:07','BDD542FC-A435-4738-AC82-22330A5B86DF'),('ADC5725A-5AB4-4EF0-B2AC-215AF35F9926','34226C70-5CB6-433C-9BD0-8F36D11EA5A7','2020-12-01 21:10:07','3492F359-8641-4485-B762-7A6507AE5B3E'),('B0E4D633-C637-4065-822C-BEEF28323118','34226C70-5CB6-433C-9BD0-8F36D11EA5A7','2021-01-27 16:36:09','252DF257-E842-4FB4-8F11-FA2C5F55CD34'),('B184E3E8-52C1-4278-8E0C-BFAF070ED67B','34226C70-5CB6-433C-9BD0-8F36D11EA5A7','2021-01-27 17:05:47','4D6E2DE8-398E-406A-9168-EA1F7C5A4756'),('C013F2A4-C3A5-414A-B2C6-871D81863611','01DCF1B9-8B13-47E5-8B0C-A10CDB1038C3','2021-02-02 12:38:19','3E533F71-F772-4C10-8466-8925EB503AAC'),('C37F4596-5F1A-4475-9D75-B7F3E7EA1B7C','3CD5B856-61E8-446F-A5D9-BEA19F6BB857','2021-01-31 12:46:56','60132D3B-F10A-4D8A-B56B-671D6D67DBC0'),('D499B88A-5FD7-48E0-96CA-A75C0F666D78','3CD5B856-61E8-446F-A5D9-BEA19F6BB857','2021-01-28 10:58:29','11D9E1E3-8BDB-49DF-9849-7C1CFC15EFE6'),('D9C804C2-B014-4AFD-BAE0-B5E5034ADD58','492EEC20-575F-442B-AEB1-206D26F20063','2020-10-01 11:22:50','AB5CEB07-BAE0-48A3-B52E-8A3A37E0DE98'),('E0FCE1D8-32D2-4933-BA01-70FECFC5B157','492EEC20-575F-442B-AEB1-206D26F20063','2020-09-08 19:49:11','1D52ADCB-51BE-4B62-8F00-794AA2BB9FC2'),('E8B17BFA-0E87-419B-B403-9B7F6D5604FD','34226C70-5CB6-433C-9BD0-8F36D11EA5A7','2020-12-01 20:54:31','13667FDD-5B36-44D9-95B7-9C394D5B3B68'),('F0E0F937-6980-46F3-A6D5-3410ED4EA60B','3CD5B856-61E8-446F-A5D9-BEA19F6BB857','2020-10-19 11:32:05','F37F1203-F8A8-46EA-85A1-991DBFA95E76'),('F3F2A9C6-B3CC-41B2-8A87-CFA2F8653485','3CD5B856-61E8-446F-A5D9-BEA19F6BB857','2020-10-19 11:33:07','DFB35FBA-85EB-460F-8F51-06B4B6F8BC24'),('F5CE2D1C-2FE2-4959-85C3-640FE5294394','3CD5B856-61E8-446F-A5D9-BEA19F6BB857','2020-10-19 11:26:31','532C6603-181B-4880-82F6-B185076940E8');
/*!40000 ALTER TABLE `clinic_user` ENABLE KEYS */;
UNLOCK TABLES;

--
-- Table structure for table `device`
--

DROP TABLE IF EXISTS `device`;
/*!40101 SET @saved_cs_client     = @@character_set_client */;
/*!40101 SET character_set_client = utf8 */;
CREATE TABLE `device` (
  `deviceId` varchar(20) NOT NULL,
  `lutName` varchar(40) DEFAULT NULL,
  `serialId` varchar(12) DEFAULT NULL,
  PRIMARY KEY (`deviceId`),
  UNIQUE KEY `UK_4di6oimmn4rg23s4glbfcalkk` (`serialId`)
) ENGINE=InnoDB DEFAULT CHARSET=latin1;
/*!40101 SET character_set_client = @saved_cs_client */;

--
-- Dumping data for table `device`
--

LOCK TABLES `device` WRITE;
/*!40000 ALTER TABLE `device` DISABLE KEYS */;
INSERT INTO `device` VALUES ('1212','abcb.txt','132132'),('2121212','abcb.txt','121221'),('4','KPI AUGUST.txt','5'),('456789','lut.txt','456789'),('9','KPI AUGUST.txt','9');
/*!40000 ALTER TABLE `device` ENABLE KEYS */;
UNLOCK TABLES;

--
-- Table structure for table `feedback`
--

DROP TABLE IF EXISTS `feedback`;
/*!40101 SET @saved_cs_client     = @@character_set_client */;
/*!40101 SET character_set_client = utf8 */;
CREATE TABLE `feedback` (
  `id` varchar(40) NOT NULL,
  `app_version` varchar(48) DEFAULT NULL,
  `client_device` varchar(48) DEFAULT NULL,
  `date_created` datetime NOT NULL,
  `email` varchar(40) NOT NULL,
  `feedback` longtext NOT NULL,
  `manufacturer` varchar(48) DEFAULT NULL,
  `model` varchar(48) DEFAULT NULL,
  `os_version` varchar(48) DEFAULT NULL,
  `platform` varchar(48) DEFAULT NULL,
  `rating` int(11) DEFAULT NULL,
  `user_id` varchar(40) NOT NULL,
  PRIMARY KEY (`id`)
) ENGINE=InnoDB DEFAULT CHARSET=latin1;
/*!40101 SET character_set_client = @saved_cs_client */;

--
-- Dumping data for table `feedback`
--

LOCK TABLES `feedback` WRITE;
/*!40000 ALTER TABLE `feedback` DISABLE KEYS */;
/*!40000 ALTER TABLE `feedback` ENABLE KEYS */;
UNLOCK TABLES;

--
-- Table structure for table `firmware`
--

DROP TABLE IF EXISTS `firmware`;
/*!40101 SET @saved_cs_client     = @@character_set_client */;
/*!40101 SET character_set_client = utf8 */;
CREATE TABLE `firmware` (
  `id` varchar(40) NOT NULL,
  `created_at` datetime NOT NULL,
  `filename` varchar(80) NOT NULL,
  `version` int(11) DEFAULT NULL,
  PRIMARY KEY (`id`),
  UNIQUE KEY `UK_jx5c254gkbwyasxxdrj59myyh` (`filename`)
) ENGINE=InnoDB DEFAULT CHARSET=latin1;
/*!40101 SET character_set_client = @saved_cs_client */;

--
-- Dumping data for table `firmware`
--

LOCK TABLES `firmware` WRITE;
/*!40000 ALTER TABLE `firmware` DISABLE KEYS */;
INSERT INTO `firmware` VALUES ('E55DAA0F-400F-4B32-B4D3-71B2EE25984A','2020-09-14 16:52:30','iUFlow-Report.zip',1);
/*!40000 ALTER TABLE `firmware` ENABLE KEYS */;
UNLOCK TABLES;

--
-- Table structure for table `lut`
--

DROP TABLE IF EXISTS `lut`;
/*!40101 SET @saved_cs_client     = @@character_set_client */;
/*!40101 SET character_set_client = utf8 */;
CREATE TABLE `lut` (
  `lutId` varchar(40) NOT NULL,
  `created_at` datetime NOT NULL,
  `lutContent` text NOT NULL,
  `lutName` varchar(80) NOT NULL,
  PRIMARY KEY (`lutId`),
  UNIQUE KEY `UK_br4qft8db66tnn4ywkdrd5y90` (`lutName`)
) ENGINE=InnoDB DEFAULT CHARSET=latin1;
/*!40101 SET character_set_client = @saved_cs_client */;

--
-- Dumping data for table `lut`
--

LOCK TABLES `lut` WRITE;
/*!40000 ALTER TABLE `lut` DISABLE KEYS */;
INSERT INTO `lut` VALUES ('090AEA9E-3DAF-41A8-BD31-73727FC18F9C','2020-09-15 18:08:22','\n\nKPI REPORT \n\n1. GUI + Testing (ownership) iUFlow\n-----------------------------------\n    Testing (ownership) :\n        a) Testing on WierConcept (3 days).\n        b) Testing on Release 04 August 20 (V4.127) : https://kesemhealth.atlassian.net/browse/IUFANDROID-388?focusedCommentId=31721\n        c) Testing on Release 14 August 20 (V4.128) : https://kesemhealth.atlassian.net/browse/IUFANDROID-388?focusedCommentId=31766\n        d) Testing on Release 25 August 20 (V4.130) (iOS and Android) : https://kesemhealth.atlassian.net/browse/IUFANDROID-388?focusedCommentId=31857\n    \n\n    GUI / Tickets Cover : \n            https://kesemhealth.atlassian.net/browse/IWEBPORTAL-12\n\n            https://kesemhealth.atlassian.net/browse/IUFIOS-334\n            https://kesemhealth.atlassian.net/browse/IUFIOS-333\n            https://kesemhealth.atlassian.net/browse/IUFIOS-335\n            https://kesemhealth.atlassian.net/browse/IUFIOS-336\n\n            https://kesemhealth.atlassian.net/browse/ALGVOL-136\n            https://kesemhealth.atlassian.net/browse/ALGVOL-138\n\n            https://kesemhealth.atlassian.net/browse/IUFANDROID-589\n            https://kesemhealth.atlassian.net/browse/IUFANDROID-588\n\n            https://kesemhealth.atlassian.net/browse/IUFANDROID-615\n            https://kesemhealth.atlassian.net/browse/IUFANDROID-617\n            https://kesemhealth.atlassian.net/browse/KHQMS-270\n            IUFANDROID-618: please update the algorithm on the android and iOS app (Version 11)IN PROGRESS-ANDOIRD\n\n2.  Switch Comm  |  MobiApps | IOT \n-----------------------------------\nMojor Screen Work On:\n        1). Log Download.(Testing and GUI)\n        2). Device Discovery.(Testing and GUI)\n        3). Settings.(Testing and GUI)\n        4). Sensors.(Testing and GUI)\n            a) Drop Down\n            b) Label\n            c) Validation\n            d) Channel Setup Page( GUI based on https://wireframe.cc/TeQ06A)\n        5). JSON.(Service Implementation)\n        6). Home Screen (GUI Based on https://wireframe.cc/mSMHof)\n        7). Help Mannual.(Testing and GUI)\n        \n3. 3. Forums | get project and show skills\n(SMS) from July \n------------------------------------------\n        1)  Search for content used in templates for Iot Marketing.\n            Link : https://docs.google.com/spreadsheets/d/https://docs.google.com/spreadsheets/d/18KZwafMWuOjEY7SbklcTEu2T9DVyogk9I9J2wAm01Sg/edit?usp=sharing\n        2)  Made a template.\n        3)  Forum website list : \n                                Abroad:\n                                 1 https://iotforum.org/  (https://iotweek.org/)\n                                   Linkdin profile : https://www.linkedin.com/company/iot-forum/\n                                 2 https://www.iotcentral.io/forum\n                                 3 https://www.telecomcouncil.com/forums/internet-of-things/\n                                 4 https://www.iotshow.in/iot-business-forum/\n                                 5 https://community.thingspeak.com/forum/\n                                 India :\n                                 1 http://m2m2iotforum.com/\n\n\n\n\n\n        29-08-20\n        --------\n        1. Made \n\n\n\n       \n        \n\n        GUI Implementation :\n        1. Device Discovery:\n\n            b. It appears to discover a device on every Modbus channel (See screen capture below)\n\n            d. If you do a combined Modbus/SDI-12, it goes off the bottom of the screen with no vertical scroll bar to access it.\n\n            e. Columns are aligned correctly.\n\n        2. Log Download\n        a. I’ve got a device with the log shown below. When I tried to download it using the standard settings, I got no results??? \n\n\n        3. Emojis\n\n        b. Is still showing on Station Name.\n        ->  On some devices the keyboard filter does not work hence we have added validation while saving on the device.\n\n        4. Changing the channel type is partially fixed. The drop down list is now displaying the correct entry, but the channel list is still showing a stale value.\n\n        5. The channel scan still only works for the first 10 channels.\n\n        6.   No SIM card number is shown for the LTE modem type. See screen capture. For reference, an extract of PC code is shown below.\n\n        7.   No modem type is shown. See screen capture.\n\n        8. Is the Averaging Time validation meant to be fixed?\n\n\n','KPI AUGUST.txt'),('8DADA4CA-2FB4-4EC8-8F32-16FDBFF4CA88','2020-09-15 18:08:29','{\"voltage\":[0,1,2,3,4,5,6,7,8,9,10,11,12,13,14,15,16,17,18,19,20,21,22,23,24,25,26,27,28,29,30,31,32,33,34,35,36,37,38,39,40,41,42,43,44,45,46,47,48,49,50,51,52,53,54,55,56,57,58,59,60,61,62,63,64,65,66,67,68],\"discharge\":[0,0.838965417,0.838965417,0.838965417,0.838965417,2.125285148,3.950570296,4.75855444,5.162306266,5.362306266,5.766230627,6.170062947,7.93563092,9.317063237,10.24056338,10.53342089,11.34722481,12.16102873,12.97483265,13.98863657,14.60244049,15.2115717,16.01079083,16.72848125,17.7490542,18.56962715,19.3902001,20.21077305,20.84431816,21.70245463,22.57455233,23.44665002,24.31874771,24.91527907,25.28718531,26.2590869,27.23098849,28.20289008,29.17479166,29.7997947,30.62397364,31.90448025,33.18498685,34.46549346,35.17927004,35.62745173,36.3581254,37.08879907,37.81947275,38.55014642,39.28082009,39.94309548,40.5794819,41.21586833,41.85225476,42.47422476,42.99527979,43.55285035,44.4912257,45.41147385,46.07794119,46.74440853,47.41087587,48.0773432,48.74381054,49.41027788,50.07674522,50.74321256,51.4096799],\"vrem\":[0,0.039533,0.170478,0.397419,0.689941,1.03376,1.43308,1.88572,2.39096,2.94854,3.54529,4.16154,4.79098,5.42999,6.08026,6.73851,7.40836,8.08917,8.78157,9.48553,10.2026,10.9332,11.6757,12.4299,13.1961,13.974,14.764,15.5659,16.38,17.2063,18.0446,18.8919,19.7513,20.6231,21.5074,22.404,23.3148,24.2401,25.1781,26.1287,27.0921,28.0683,29.0574,30.0594,31.0744,32.1024,33.1436,34.1945,35.2585,36.3357,37.4264,38.5352,39.6864,40.9435,42.3547,43.9558,45.7601,47.7615,49.9545,52.4406,55.1224,57.8449,60.519,63.196,65.8869,68.5901,71.3108,74.0084,76.6685]}','lut.txt'),('D5AE8092-99F0-484A-9048-AC61C85061EC','2020-09-15 18:04:18','abcb','abcb.txt');
/*!40000 ALTER TABLE `lut` ENABLE KEYS */;
UNLOCK TABLES;

--
-- Table structure for table `user`
--

DROP TABLE IF EXISTS `user`;
/*!40101 SET @saved_cs_client     = @@character_set_client */;
/*!40101 SET character_set_client = utf8 */;
CREATE TABLE `user` (
  `id` varchar(40) NOT NULL,
  `active` bit(1) NOT NULL,
  `client_device` varchar(255) DEFAULT NULL,
  `date_birth` datetime DEFAULT NULL,
  `date_created` datetime NOT NULL,
  `deviceId` varchar(20) DEFAULT NULL,
  `deviceMacId` varchar(20) DEFAULT NULL,
  `deviceSerialId` varchar(20) DEFAULT NULL,
  `email` varchar(80) NOT NULL,
  `gender` varchar(6) NOT NULL,
  `google_id` varchar(56) DEFAULT NULL,
  `is_male` bit(1) NOT NULL,
  `is_promotion_updates` bit(1) NOT NULL,
  `is_reset_password` bit(1) NOT NULL,
  `last_login` datetime NOT NULL,
  `manufacturer` varchar(255) DEFAULT NULL,
  `mobile` varchar(20) DEFAULT NULL,
  `model` varchar(255) DEFAULT NULL,
  `name` varchar(56) NOT NULL,
  `os_version` varchar(255) DEFAULT NULL,
  `password` varchar(40) NOT NULL,
  `platform` varchar(48) DEFAULT NULL,
  `type` varchar(40) NOT NULL,
  `unsync_count` int(11) NOT NULL,
  `v_production_access_token` varchar(255) DEFAULT NULL,
  `v_production_id` varchar(255) DEFAULT NULL,
  `validic_access_token` varchar(255) DEFAULT NULL,
  `validic_id` varchar(255) DEFAULT NULL,
  `validic_uid` varchar(255) DEFAULT NULL,
  `clinicianName` varchar(56) DEFAULT NULL,
  `activePatient` varchar(255) DEFAULT NULL,
  `diaryName` varchar(56) DEFAULT NULL,
  PRIMARY KEY (`id`),
  UNIQUE KEY `UK_ob8kqyqqgmefl0aco34akdtpe` (`email`)
) ENGINE=InnoDB DEFAULT CHARSET=latin1;
/*!40101 SET character_set_client = @saved_cs_client */;

--
-- Dumping data for table `user`
--

LOCK TABLES `user` WRITE;
/*!40000 ALTER TABLE `user` DISABLE KEYS */;
INSERT INTO `user` VALUES ('043D3F4C-5372-497E-A732-3CFB0BD4B0D7',_binary '\0','MacIntel','3910-02-01 00:49:54','2021-01-22 16:12:38',NULL,'','B20-1','naga@pyther.com.erased.1611312157986.qqq','',NULL,_binary '',_binary '',_binary '\0','2021-01-22 16:12:15','NA-',NULL,'NA-Model','naga','NA-Version','daafb5c013c034ec67477e84d09ed368','NA-OS','user',0,NULL,NULL,NULL,NULL,NULL,'',NULL,'qqq'),('04A509AE-8D46-4343-A923-B8CE9FB009F2',_binary '\0','MacIntel','2010-01-01 01:15:00','2021-01-22 11:27:36',NULL,'','B20-1','anji@pyther.com.erased.1611295056205.Test1','Male',NULL,_binary '',_binary '',_binary '\0','2021-01-22 11:15:22','NA-',NULL,'NA-Model','Anjali Parikh','NA-Version','daafb5c013c034ec67477e84d09ed368','NA-OS','user',0,NULL,NULL,NULL,NULL,NULL,'Other',NULL,'Test1'),('0D226169-293D-4D22-9313-9CC8CBEB674C',_binary '\0','MacIntel','2010-01-01 01:15:00','2021-01-19 11:47:03',NULL,'','B20-1','anji@pyther.com.erased.1611037022658.Diary With Graphs','Male',NULL,_binary '',_binary '',_binary '\0','2020-12-08 13:56:33','NA-',NULL,'NA-Model','anji','NA-Version','daafb5c013c034ec67477e84d09ed368','NA-OS','user',0,NULL,NULL,NULL,NULL,NULL,'Other',NULL,'Diary With Graphs'),('11D9E1E3-8BDB-49DF-9849-7C1CFC15EFE6',_binary '\0',NULL,'1970-01-01 05:30:00','2021-01-28 10:58:29',NULL,'','','test28@newClinic.com','Male',NULL,_binary '',_binary '\0',_binary '\0','2021-01-28 10:58:29',NULL,NULL,NULL,'suman',NULL,'daafb5c013c034ec67477e84d09ed368',NULL,'clinic-admin',0,NULL,NULL,NULL,NULL,NULL,NULL,NULL,NULL),('1DB99D68-7534-4C09-9803-1EF139222E40',_binary '\0',NULL,NULL,'2020-12-12 16:30:25',NULL,'','','kumarsumanit@gmail.com','Male',NULL,_binary '',_binary '\0',_binary '\0','2020-12-12 16:30:25',NULL,NULL,NULL,'suman',NULL,'daafb5c013c034ec67477e84d09ed368',NULL,'clinic-admin',0,NULL,NULL,NULL,NULL,NULL,NULL,NULL,NULL),('246CC301-A279-4CF6-A48A-3B2ACE55E119',_binary '\0',NULL,'1999-04-23 00:00:00','2021-01-08 18:51:09',NULL,'','','demo@pyther.com','Female',NULL,_binary '',_binary '',_binary '\0','2021-01-08 18:51:09',NULL,'47747474747',NULL,'Vidhi',NULL,'daafb5c013c034ec67477e84d09ed368',NULL,'user',0,NULL,NULL,NULL,NULL,NULL,NULL,NULL,NULL),('252DF257-E842-4FB4-8F11-FA2C5F55CD34',_binary '\0',NULL,NULL,'2021-01-27 16:36:09',NULL,'','','suman@clinic.com','Male',NULL,_binary '',_binary '\0',_binary '\0','2021-01-27 16:36:09',NULL,NULL,NULL,'suman',NULL,'daafb5c013c034ec67477e84d09ed368',NULL,'clinic-admin',0,NULL,NULL,NULL,NULL,NULL,NULL,NULL,NULL),('3492F359-8641-4485-B762-7A6507AE5B3E',_binary '\0',NULL,'1970-01-01 05:30:00','2020-12-01 21:07:50',NULL,'','','lakshmi@pyther.com','Male',NULL,_binary '',_binary '\0',_binary '\0','2020-12-01 21:07:50',NULL,NULL,NULL,'priyanka',NULL,'daafb5c013c034ec67477e84d09ed368',NULL,'clinic-admin',0,NULL,NULL,NULL,NULL,NULL,NULL,NULL,NULL),('3E533F71-F772-4C10-8466-8925EB503AAC',_binary '\0',NULL,NULL,'2021-02-02 12:38:19',NULL,'','','admin@zydus.com','Male',NULL,_binary '',_binary '\0',_binary '\0','2021-02-02 12:38:19',NULL,NULL,NULL,'admin',NULL,'daafb5c013c034ec67477e84d09ed368',NULL,'clinic-admin',0,NULL,NULL,NULL,NULL,NULL,NULL,NULL,NULL),('46444FC4-AB7B-4661-AC05-4C110ADC2D36',_binary '\0',NULL,'2021-03-25 00:00:00','2021-03-25 15:06:42',NULL,'','','vidhi1@pyther.com','Male',NULL,_binary '',_binary '',_binary '\0','2021-03-25 15:06:42',NULL,'8928991891212',NULL,'vidhi',NULL,'daafb5c013c034ec67477e84d09ed368',NULL,'user',0,NULL,NULL,NULL,NULL,NULL,NULL,NULL,NULL),('4CF42144-D2CD-4CE1-80A5-713EE96CDFDC',_binary '\0','MacIntel','3910-02-01 00:49:54','2020-12-06 00:53:21',NULL,'','B20-1','naga@pyther.com.erased.1607196200699.dele','',NULL,_binary '',_binary '',_binary '\0','2020-12-06 00:50:35','NA-',NULL,'NA-Model','naga','NA-Version','daafb5c013c034ec67477e84d09ed368','NA-OS','user',0,NULL,NULL,NULL,NULL,NULL,'priyanka',NULL,'dele'),('5344C0F6-624F-4309-9345-839B4EF53B39',_binary '\0','MacIntel','3910-02-01 00:49:54','2020-12-06 00:54:34',NULL,'','B20-1','naga@pyther.com.erased.1607196273687.teset','',NULL,_binary '',_binary '',_binary '\0','2020-12-06 00:53:21','NA-',NULL,'NA-Model','naga','NA-Version','daafb5c013c034ec67477e84d09ed368','NA-OS','user',0,NULL,NULL,NULL,NULL,NULL,'',NULL,'teset'),('53F89314-7093-41AA-8E70-D5F4EC58AB44',_binary '\0','MacIntel','3910-02-01 00:49:54','2021-01-22 16:12:15',NULL,'','B20-1','naga@pyther.com.erased.1611312135165.ppp','',NULL,_binary '',_binary '',_binary '\0','2021-01-22 16:06:19','NA-',NULL,'NA-Model','naga','NA-Version','daafb5c013c034ec67477e84d09ed368','NA-OS','user',0,NULL,NULL,NULL,NULL,NULL,'',NULL,'ppp'),('5912E27B-12E5-4673-A5AA-7A9CEE7D8828',_binary '\0','MacIntel','2010-01-01 01:15:00','2020-12-08 13:56:32',NULL,'','B20-1','anji@pyther.com.erased.1607415992495.Dec','Male',NULL,_binary '',_binary '',_binary '\0','2020-12-08 13:32:29','NA-',NULL,'NA-Model','anji','NA-Version','daafb5c013c034ec67477e84d09ed368','NA-OS','user',0,NULL,NULL,NULL,NULL,NULL,'Other',NULL,'Dec'),('5D0EB043-EB3C-4965-9A7C-63710D71957F',_binary '\0','MacIntel','3910-02-01 00:49:54','2020-12-06 00:50:35',NULL,'','B20-1','naga@pyther.com.erased.1607196035178.test','',NULL,_binary '\0',_binary '',_binary '\0','2020-12-06 00:49:54','NA-',NULL,'NA-Model','naga','NA-Version','daafb5c013c034ec67477e84d09ed368','NA-OS','user',0,NULL,NULL,NULL,NULL,NULL,'priyanka',NULL,'test'),('5EEAA25D-87C4-4B80-AE7F-AB7E73A5CDD8',_binary '\0','MacIntel','3910-02-01 00:49:54','2021-01-22 16:03:07',NULL,'','B20-1','naga@pyther.com.erased.1611311587188.Test qw','',NULL,_binary '',_binary '',_binary '\0','2021-01-22 15:58:53','NA-',NULL,'NA-Model','naga','NA-Version','daafb5c013c034ec67477e84d09ed368','NA-OS','user',0,NULL,NULL,NULL,NULL,NULL,'',NULL,'Test qw'),('60132D3B-F10A-4D8A-B56B-671D6D67DBC0',_binary '\0',NULL,NULL,'2021-01-31 12:46:56',NULL,'','','anjali@pyther.co','Male',NULL,_binary '',_binary '\0',_binary '\0','2021-01-31 12:46:56',NULL,NULL,NULL,'anjali',NULL,'daafb5c013c034ec67477e84d09ed368',NULL,'clinic-admin',0,NULL,NULL,NULL,NULL,NULL,NULL,NULL,NULL),('610DD971-606C-4814-BCD8-AF8A0799FC4B',_binary '\0',NULL,'1970-01-01 05:30:00','2021-01-30 16:42:32',NULL,'','B20-1','vivek@pyther.com','Male',NULL,_binary '',_binary '',_binary '','2021-01-30 16:42:32',NULL,NULL,NULL,'vivek',NULL,'daafb5c013c034ec67477e84d09ed368',NULL,'user',0,NULL,NULL,NULL,NULL,NULL,'Yash',NULL,NULL),('6B249489-F5B6-4337-A027-2705F7DBAB7E',_binary '\0',NULL,NULL,'2020-10-19 11:26:12',NULL,'','B20-1','sarang@cims.com','Male',NULL,_binary '',_binary '\0',_binary '\0','2020-10-19 11:26:12',NULL,NULL,NULL,'sarang',NULL,'daafb5c013c034ec67477e84d09ed368',NULL,'clinic-admin',0,NULL,NULL,NULL,NULL,NULL,NULL,NULL,NULL),('787918A4-7067-4CA2-B5C5-AB44D50BCBE6',_binary '\0',NULL,'1970-01-01 05:30:00','2020-09-20 13:53:05',NULL,'','B20-1','bhawna@pyther.com','Male',NULL,_binary '',_binary '\0',_binary '\0','2020-09-20 13:53:05',NULL,NULL,NULL,'bhawna',NULL,'daafb5c013c034ec67477e84d09ed368',NULL,'clinician',0,NULL,NULL,NULL,NULL,NULL,'faizan',NULL,NULL),('7BBE60F4-BDAF-490C-9B96-E20CCFC0D76D',_binary '\0','MacIntel','2010-01-01 01:15:00','2020-12-06 01:19:37',NULL,'','B20-1','abc@pyther.com.erased.1607197776623.delete','Female',NULL,_binary '',_binary '',_binary '\0','2020-12-06 01:18:53','NA-',NULL,'NA-Model','suman','NA-Version','daafb5c013c034ec67477e84d09ed368','NA-OS','user',0,NULL,NULL,NULL,NULL,NULL,'undefined',NULL,'delete'),('7E374834-AFE8-44E0-B3BE-5F75AA433F81',_binary '\0',NULL,'1970-01-01 05:30:00','2021-01-09 12:56:35',NULL,'','','YashYash@gmail.com','Male',NULL,_binary '',_binary '\0',_binary '\0','2021-01-09 12:56:35',NULL,NULL,NULL,'Yash',NULL,'daafb5c013c034ec67477e84d09ed368',NULL,'clinic-admin',0,NULL,NULL,NULL,NULL,NULL,NULL,NULL,NULL),('7E4310BC-FD96-464C-9C77-6A65646A36BA',_binary '\0',NULL,NULL,'2021-01-31 12:46:50',NULL,'','B20-1','anjali@pyther.com','Male',NULL,_binary '',_binary '\0',_binary '\0','2021-01-31 12:46:50',NULL,NULL,NULL,'anjali',NULL,'daafb5c013c034ec67477e84d09ed368',NULL,'clinic-admin',0,NULL,NULL,NULL,NULL,NULL,'',NULL,NULL),('8C69EC1E-903D-4C9B-AC5D-81DB08B64DEE',_binary '\0','MacIntel','2010-01-01 01:15:00','2020-12-06 01:18:53',NULL,'','B20-1','abc@pyther.com.erased.1607197732719.teset','Female',NULL,_binary '\0',_binary '',_binary '\0','2020-12-06 01:18:38','NA-',NULL,'NA-Model','suman','NA-Version','daafb5c013c034ec67477e84d09ed368','NA-OS','user',0,NULL,NULL,NULL,NULL,NULL,'undefined',NULL,'teset'),('8C7B1507-1E21-4E13-AE78-761D47FE3DB3',_binary '\0',NULL,NULL,'2020-10-19 11:25:21',NULL,'','B20-1','priyanka@pyther.com','Male',NULL,_binary '',_binary '\0',_binary '\0','2020-10-19 11:25:21',NULL,NULL,NULL,'priyanka',NULL,'daafb5c013c034ec67477e84d09ed368',NULL,'clinic-admin',0,NULL,NULL,NULL,NULL,NULL,NULL,NULL,NULL),('8C7B1507-1E21-4E13-AE78-761D47FE3DB4',_binary '\0',NULL,'1970-01-01 05:30:00','2020-09-08 19:49:11',NULL,'','','priya@pyther.com','Male',NULL,_binary '',_binary '\0',_binary '\0','2020-09-08 19:49:11',NULL,NULL,NULL,'priya',NULL,'daafb5c013c034ec67477e84d09ed368',NULL,'clinic-admin',0,NULL,NULL,NULL,NULL,NULL,'faizan',NULL,NULL),('8C83050A-40FB-458D-A3C5-154AA0D0D8EF',_binary '\0',NULL,'1999-01-23 00:00:00','2021-01-08 19:01:09',NULL,'','','demo.pyther@iuflow.com','Male',NULL,_binary '',_binary '\0',_binary '\0','2021-01-08 19:01:09',NULL,'82828286161',NULL,'vidhi',NULL,'76bfe99bd38948c52b3625d28b567fa6',NULL,'clinician',0,NULL,NULL,NULL,NULL,NULL,NULL,NULL,NULL),('8FD53748-5BDB-4EA7-9D3C-0BF33FBD96DF',_binary '\0','MacIntel','2010-01-01 01:15:00','2021-02-10 15:56:55',NULL,'','','hardavi@pyther.com','Female',NULL,_binary '',_binary '',_binary '\0','2021-02-10 15:56:55','NA-',NULL,'NA-Model','hardavi','NA-Version','daafb5c013c034ec67477e84d09ed368','NA-OS','user',0,NULL,NULL,NULL,NULL,NULL,NULL,NULL,NULL),('9096C99C-9EC6-43B3-B5B7-91775C5C9829',_binary '\0',NULL,'2021-01-04 00:00:00','2021-01-04 12:10:45',NULL,'','','yash@test.com','Male',NULL,_binary '',_binary '',_binary '\0','2021-01-04 12:10:45',NULL,'09104992340',NULL,'yash',NULL,'daafb5c013c034ec67477e84d09ed368',NULL,'user',0,NULL,NULL,NULL,NULL,NULL,NULL,NULL,NULL),('9264923E-EA5D-498A-AE96-5294C2EE0E2D',_binary '\0','MacIntel','1970-01-01 05:30:00','2021-02-10 15:53:01',NULL,'','B20-1','naga@pyther.com','Male',NULL,_binary '',_binary '',_binary '\0','2021-02-10 15:53:01','NA-',NULL,'NA-Model','naga','NA-Version','daafb5c013c034ec67477e84d09ed368','NA-OS','user',0,NULL,NULL,NULL,NULL,NULL,'',NULL,NULL),('9604CF15-56AC-40D9-952E-7FE5A5969BAB',_binary '\0',NULL,NULL,'2021-02-02 12:37:43',NULL,'','','admin@cims.com','Male',NULL,_binary '',_binary '\0',_binary '\0','2021-02-02 12:37:43',NULL,NULL,NULL,'admin',NULL,'daafb5c013c034ec67477e84d09ed368',NULL,'clinic-admin',0,NULL,NULL,NULL,NULL,NULL,NULL,NULL,NULL),('9A18C761-B6FD-4549-A40D-33EE63E141C4',_binary '\0',NULL,'2021-01-08 00:00:00','2021-01-08 18:16:05',NULL,'','','chuman@pyther.com','Male',NULL,_binary '',_binary '',_binary '\0','2021-01-08 18:16:05',NULL,NULL,NULL,'suamn',NULL,'daafb5c013c034ec67477e84d09ed368',NULL,'user',0,NULL,NULL,NULL,NULL,NULL,NULL,NULL,NULL),('A19C5173-4250-46E2-BC4A-3DF244AA23B3',_binary '\0',NULL,NULL,'2020-10-19 11:32:23',NULL,'','B20-1','vidhi@cims.com','Male',NULL,_binary '',_binary '\0',_binary '\0','2020-10-19 11:32:23',NULL,NULL,NULL,'vidhi',NULL,'daafb5c013c034ec67477e84d09ed368',NULL,'clinician',0,NULL,NULL,NULL,NULL,NULL,NULL,NULL,NULL),('A6BBFAC1-0AA0-44D6-ABEA-7EDEFAF3EC97',_binary '\0',NULL,'1970-01-01 05:30:00','2021-01-28 15:34:54',NULL,'','B20-1','yash@pyther.com','Male',NULL,_binary '',_binary '\0',_binary '\0','2021-01-28 15:34:54',NULL,NULL,NULL,'yash',NULL,'daafb5c013c034ec67477e84d09ed368',NULL,'clinic-admin',0,NULL,NULL,NULL,NULL,NULL,'faizan',NULL,NULL),('AD108E72-38C8-4B91-A187-65E4D45E6B4D',_binary '\0',NULL,'2020-12-02 00:00:00','2020-12-12 16:27:45',NULL,'','','suman.kumar@pyther.com','Male',NULL,_binary '',_binary '',_binary '','2020-12-12 16:27:45',NULL,NULL,NULL,'suman',NULL,'f1073b7c2b6f07f1b0940a2de8858609',NULL,'user',0,NULL,NULL,NULL,NULL,NULL,NULL,NULL,NULL),('B012A199-DA17-42A3-8590-A1F87C4C3614',_binary '\0','MacIntel','3910-02-01 11:41:01','2021-01-25 11:41:01',NULL,'','','susan@icloud.com','',NULL,_binary '\0',_binary '',_binary '\0','2021-01-25 11:41:01','NA-',NULL,'NA-Model','susan','NA-Version','daafb5c013c034ec67477e84d09ed368','NA-OS','user',0,NULL,NULL,NULL,NULL,NULL,NULL,NULL,NULL),('B02572AB-E6F9-43EB-9979-4A483C547133',_binary '\0',NULL,'1970-01-01 05:30:00','2020-09-19 19:21:43',NULL,'','B20-1','golu@pyther.com','Male',NULL,_binary '',_binary '',_binary '\0','2020-09-19 19:21:43',NULL,NULL,NULL,'golu',NULL,'daafb5c013c034ec67477e84d09ed368',NULL,'clinic-admin',0,NULL,NULL,NULL,NULL,NULL,'faizan',NULL,NULL),('B3303808-E054-4FDA-9E4A-C629B8B6BE9E',_binary '\0',NULL,'1970-01-01 05:30:00','2021-01-30 13:08:16',NULL,'','B20-1','suman@pyther.com','Male',NULL,_binary '',_binary '\0',_binary '','2021-01-30 13:08:16',NULL,NULL,NULL,'suman',NULL,'daafb5c013c034ec67477e84d09ed368',NULL,'user',0,NULL,NULL,NULL,NULL,NULL,'',NULL,NULL),('BDD75142-08D1-4612-988B-5D541DBFFF6B',_binary '\0',NULL,NULL,'2021-02-02 12:39:01',NULL,'','','admin@civil.com','Male',NULL,_binary '',_binary '\0',_binary '\0','2021-02-02 12:39:01',NULL,NULL,NULL,'admin',NULL,'daafb5c013c034ec67477e84d09ed368',NULL,'clinic-admin',0,NULL,NULL,NULL,NULL,NULL,NULL,NULL,NULL),('C1EC0439-F500-48B6-9C5E-F8B7AB82F3AD',_binary '\0',NULL,'2021-01-04 00:00:00','2021-01-04 10:11:00',NULL,'','','sushma@pyther.com','Male',NULL,_binary '',_binary '',_binary '\0','2021-01-04 10:11:00',NULL,'09104992340',NULL,'vivek',NULL,'daafb5c013c034ec67477e84d09ed368',NULL,'user',0,NULL,NULL,NULL,NULL,NULL,NULL,NULL,NULL),('C20C4D00-32C9-49F0-B8A7-FD957A83FC35',_binary '\0','MacIntel','2010-01-01 01:15:00','2020-12-06 01:19:37',NULL,'','B20-1','abc@pyther.com','Female',NULL,_binary '',_binary '',_binary '\0','2020-12-06 01:19:37','NA-',NULL,'NA-Model','suman','NA-Version','daafb5c013c034ec67477e84d09ed368','NA-OS','user',0,NULL,NULL,NULL,NULL,NULL,'undefined',NULL,NULL),('C9798092-2FA1-468B-9876-95B28A0C2CF9',_binary '\0',NULL,'1970-01-01 05:30:00','2021-01-28 14:49:06',NULL,'','','vidhi@newClinic.com','Male',NULL,_binary '',_binary '\0',_binary '\0','2021-01-28 14:49:06',NULL,NULL,NULL,'dr vidhi',NULL,'daafb5c013c034ec67477e84d09ed368',NULL,'clinic-admin',0,NULL,NULL,NULL,NULL,NULL,NULL,NULL,NULL),('DFB35FBA-85EB-460F-8F51-06B4B6F8BC24',_binary '\0',NULL,NULL,'2020-12-08 13:59:41',NULL,'','B20-1','yash@cims.com','Male',NULL,_binary '',_binary '\0',_binary '\0','2020-12-08 13:59:41',NULL,NULL,NULL,'yash',NULL,'daafb5c013c034ec67477e84d09ed368',NULL,'clinician',0,NULL,NULL,NULL,NULL,NULL,'Other',NULL,NULL),('E3F77D36-89B1-4165-8FDB-329FF590194E',_binary '\0',NULL,'2021-01-28 00:00:00','2021-01-28 10:54:30',NULL,'','','kumar@pyther.com','Male',NULL,_binary '',_binary '',_binary '\0','2021-01-28 10:54:30',NULL,NULL,NULL,'SUMAN',NULL,'daafb5c013c034ec67477e84d09ed368',NULL,'user',0,NULL,NULL,NULL,NULL,NULL,NULL,NULL,NULL),('E672C2C8-3B99-45C8-8C0C-4B98185F5E1D',_binary '\0','MacIntel','3910-02-01 00:49:54','2021-01-22 15:58:53',NULL,'','B20-1','naga@pyther.com.erased.1611311333220.TestTest','',NULL,_binary '',_binary '',_binary '\0','2020-12-06 01:00:30','NA-',NULL,'NA-Model','naga','NA-Version','daafb5c013c034ec67477e84d09ed368','NA-OS','user',0,NULL,NULL,NULL,NULL,NULL,'',NULL,'TestTest'),('E741EA3C-F4E6-4084-B5BF-31A8388DD4C5',_binary '\0','MacIntel','3910-02-01 00:49:54','2020-12-06 01:00:30',NULL,'','B20-1','naga@pyther.com.erased.1607196629665.ese','',NULL,_binary '',_binary '',_binary '\0','2020-12-06 00:54:34','NA-',NULL,'NA-Model','naga','NA-Version','daafb5c013c034ec67477e84d09ed368','NA-OS','user',0,NULL,NULL,NULL,NULL,NULL,'',NULL,'ese'),('E79C97A7-09CF-4467-8179-975883FF5DC7',_binary '\0',NULL,NULL,'2021-01-08 15:09:29',NULL,'','','suma@pyther.com','Male',NULL,_binary '',_binary '\0',_binary '\0','2021-01-08 15:09:29',NULL,NULL,NULL,'suman',NULL,'9a9327b4d12918d874cd2e3ed1d87bbf',NULL,'clinic-admin',0,NULL,NULL,NULL,NULL,NULL,NULL,NULL,NULL),('E8E61C2E-3E72-4A90-A133-5029ECE7AADB',_binary '\0','MacIntel','2010-01-01 01:15:00','2020-12-08 13:32:29',NULL,'','B20-1','anji@pyther.com.erased.1607414549440.Nov','Male',NULL,_binary '',_binary '',_binary '\0','2020-12-08 13:18:10','NA-',NULL,'NA-Model','anji','NA-Version','daafb5c013c034ec67477e84d09ed368','NA-OS','user',0,NULL,NULL,NULL,NULL,NULL,'Other',NULL,'Nov'),('EAB8C559-6E20-44B8-9A94-3332A110933E',_binary '\0',NULL,NULL,'2020-12-12 16:29:27',NULL,'','','sum@pyther.com','Male',NULL,_binary '',_binary '\0',_binary '\0','2020-12-12 16:29:27',NULL,NULL,NULL,'Suman Kumar',NULL,'daafb5c013c034ec67477e84d09ed368',NULL,'clinic-admin',0,NULL,NULL,NULL,NULL,NULL,NULL,NULL,NULL),('EC4692F3-F241-4955-8535-74D2344EA615',_binary '\0','MacIntel','2010-01-01 01:15:00','2021-02-10 15:56:55',NULL,'','','hardavi@pyther.com.erased.1612952814931.','Female',NULL,_binary '\0',_binary '',_binary '\0','2021-02-10 15:56:36','NA-',NULL,'NA-Model','hardavi','NA-Version','daafb5c013c034ec67477e84d09ed368','NA-OS','user',0,NULL,NULL,NULL,NULL,NULL,NULL,NULL,''),('ECEFF0F4-C867-4247-9E51-B910646D20CD',_binary '\0','MacIntel','2010-01-01 01:15:00','2021-01-22 11:15:22',NULL,'','B20-1','anji@pyther.com.erased.1611294322348.22Jan','Male',NULL,_binary '',_binary '',_binary '\0','2021-01-19 11:47:03','NA-',NULL,'NA-Model','Anjali Parikh','NA-Version','daafb5c013c034ec67477e84d09ed368','NA-OS','user',0,NULL,NULL,NULL,NULL,NULL,'Other',NULL,'22Jan'),('F1EE7BFD-76F0-4A01-9A00-2822AECA9C87',_binary '\0','MacIntel','3910-02-01 00:49:54','2021-01-22 16:06:19',NULL,'','B20-1','naga@pyther.com.erased.1611311779325.Te','',NULL,_binary '',_binary '',_binary '\0','2021-01-22 16:03:07','NA-',NULL,'NA-Model','naga','NA-Version','daafb5c013c034ec67477e84d09ed368','NA-OS','user',0,NULL,NULL,NULL,NULL,NULL,'',NULL,'Te'),('F37F1203-F8A8-46EA-85A1-991DBFA95E76',_binary '\0',NULL,NULL,'2020-10-19 11:32:05',NULL,'','B20-1','anjali@cims.com','Male',NULL,_binary '',_binary '\0',_binary '\0','2020-10-19 11:32:05',NULL,NULL,NULL,'anjali',NULL,'daafb5c013c034ec67477e84d09ed368',NULL,'clinician',0,NULL,NULL,NULL,NULL,NULL,NULL,NULL,NULL),('F8D940EA-B759-486C-877B-7697ACC6C9DB',_binary '\0',NULL,'2021-01-15 00:00:00','2021-01-08 18:11:34',NULL,'','','su@gmail.com','Male',NULL,_binary '',_binary '',_binary '\0','2021-01-08 18:11:34',NULL,NULL,NULL,'suman',NULL,'daafb5c013c034ec67477e84d09ed368',NULL,'user',0,NULL,NULL,NULL,NULL,NULL,NULL,NULL,NULL),('F9102633-763F-4A49-AA1C-C29D40177F0A',_binary '\0','MacIntel','2010-01-01 01:15:00','2021-01-22 11:27:36',NULL,'','B20-1','anji@pyther.com','Male',NULL,_binary '',_binary '',_binary '\0','2021-01-22 11:27:36','NA-',NULL,'NA-Model','Anjali Parikh','NA-Version','daafb5c013c034ec67477e84d09ed368','NA-OS','user',0,NULL,NULL,NULL,NULL,NULL,'Other',NULL,NULL),('FB896088-631D-488E-8455-773070423129',_binary '\0',NULL,NULL,'2020-10-01 11:21:05',NULL,'','B20-1','testuser@pyther.com','Male',NULL,_binary '',_binary '\0',_binary '\0','2020-10-01 11:21:05',NULL,NULL,NULL,'test',NULL,'daafb5c013c034ec67477e84d09ed368',NULL,'clinic-admin',0,NULL,NULL,NULL,NULL,NULL,'faizan',NULL,NULL),('FCFE7C3D-19B0-49F6-BD88-CD38B107BFC3',_binary '\0','MacIntel','1970-01-01 05:30:00','2021-02-10 15:53:01',NULL,'','B20-1','naga@pyther.com.erased.1612952580844.','Male',NULL,_binary '',_binary '',_binary '\0','2021-01-27 17:07:45','NA-',NULL,'NA-Model','naga','NA-Version','daafb5c013c034ec67477e84d09ed368','NA-OS','user',0,NULL,NULL,NULL,NULL,NULL,'',NULL,'');
/*!40000 ALTER TABLE `user` ENABLE KEYS */;
UNLOCK TABLES;

--
-- Table structure for table `user_type`
--

DROP TABLE IF EXISTS `user_type`;
/*!40101 SET @saved_cs_client     = @@character_set_client */;
/*!40101 SET character_set_client = utf8 */;
CREATE TABLE `user_type` (
  `type` varchar(40) NOT NULL,
  `type_desc` varchar(80) NOT NULL,
  PRIMARY KEY (`type`),
  UNIQUE KEY `UK_fg8o876ysvte44yx4cjdk5um0` (`type_desc`)
) ENGINE=InnoDB DEFAULT CHARSET=latin1;
/*!40101 SET character_set_client = @saved_cs_client */;

--
-- Dumping data for table `user_type`
--

LOCK TABLES `user_type` WRITE;
/*!40000 ALTER TABLE `user_type` DISABLE KEYS */;
/*!40000 ALTER TABLE `user_type` ENABLE KEYS */;
UNLOCK TABLES;
/*!40103 SET TIME_ZONE=@OLD_TIME_ZONE */;

/*!40101 SET SQL_MODE=@OLD_SQL_MODE */;
/*!40014 SET FOREIGN_KEY_CHECKS=@OLD_FOREIGN_KEY_CHECKS */;
/*!40014 SET UNIQUE_CHECKS=@OLD_UNIQUE_CHECKS */;
/*!40101 SET CHARACTER_SET_CLIENT=@OLD_CHARACTER_SET_CLIENT */;
/*!40101 SET CHARACTER_SET_RESULTS=@OLD_CHARACTER_SET_RESULTS */;
/*!40101 SET COLLATION_CONNECTION=@OLD_COLLATION_CONNECTION */;
/*!40111 SET SQL_NOTES=@OLD_SQL_NOTES */;

-- Dump completed on 2021-04-12 17:11:07
